<pretty-config xmlns="http://ocpsoft.org/schema/rewrite-config-prettyfaces"
  xmlns:xsi="http://www.w3.org/2001/XMLSchema-instance" 
 >

	<url-mapping id="home">
		<pattern value="/" />
		<view-id value="/setups.xhtml" />
	</url-mapping>
	
	<url-mapping id="form-setup">
		<pattern value="/novo/visitante" />
		<view-id value="/novo_visitante.xhtml" />
	</url-mapping>
	
	<url-mapping id="profile">
		<pattern value="/profile" />
		<view-id value="/profile.xhtml" />
	</url-mapping>

</pretty-config>